{
  "Ansi 7 Color (Light)" : {
    "Red Component" : 0.7746550440788269,
    "Color Space" : "P3",
    "Blue Component" : 0.77697509527206421,
    "Alpha Component" : 1,
    "Green Component" : 0.78392678499221802
  },
  "Ansi 15 Color (Light)" : {
    "Red Component" : 0.99999994039535522,
    "Color Space" : "P3",
    "Blue Component" : 1,
    "Alpha Component" : 1,
    "Green Component" : 1
  },
  "Ansi 2 Color (Light)" : {
    "Red Component" : 0.71550160646438599,
    "Color Space" : "P3",
    "Blue Component" : 0.4501526951789856,
    "Alpha Component" : 1,
    "Green Component" : 0.74016636610031128
  },
  "Bold Color" : {
    "Red Component" : 0.77254902999999997,
    "Color Space" : "sRGB",
    "Blue Component" : 0.77647060000000001,
    "Green Component" : 0.78431373999999998
  },
  "Ansi 1 Color (Dark)" : {
    "Red Component" : 0.74850612878799438,
    "Color Space" : "P3",
    "Blue Component" : 0.41127735376358032,
    "Alpha Component" : 1,
    "Green Component" : 0.42160099744796753
  },
  "Use Bright Bold" : false,
  "Ansi 9 Color (Light)" : {
    "Red Component" : 0.82810103893280029,
    "Color Space" : "P3",
    "Blue Component" : 0.40694546699523926,
    "Alpha Component" : 1,
    "Green Component" : 0.58942872285842896
  },
  "Ansi 8 Color (Dark)" : {
    "Red Component" : 0.58963769674301147,
    "Color Space" : "P3",
    "Blue Component" : 0.58880740404129028,
    "Alpha Component" : 1,
    "Green Component" : 0.59582012891769409
  },
  "Background Color" : {
    "Red Component" : 0.11372549,
    "Color Space" : "sRGB",
    "Blue Component" : 0.12941177000000001,
    "Green Component" : 0.12156863
  },
  "Columns" : 80,
  "Ansi 8 Color" : {
    "Red Component" : 0.58823530000000002,
    "Color Space" : "sRGB",
    "Blue Component" : 0.58823530000000002,
    "Green Component" : 0.59607845999999998
  },
  "Right Option Key Sends" : 0,
  "Ansi 4 Color (Light)" : {
    "Red Component" : 0.5318412184715271,
    "Color Space" : "P3",
    "Blue Component" : 0.73453748226165771,
    "Alpha Component" : 1,
    "Green Component" : 0.63152819871902466
  },
  "Blinking Cursor" : true,
  "Use Tab Color" : false,
  "Selected Text Color (Light)" : {
    "Red Component" : 0.7746550440788269,
    "Color Space" : "P3",
    "Blue Component" : 0.77697509527206421,
    "Alpha Component" : 1,
    "Green Component" : 0.78392678499221802
  },
  "Selected Text Color (Dark)" : {
    "Red Component" : 0.7746550440788269,
    "Color Space" : "P3",
    "Blue Component" : 0.77697509527206421,
    "Alpha Component" : 1,
    "Green Component" : 0.78392678499221802
  },
  "Cursor Type" : 0,
  "Keyboard Map" : {

  },
  "Ansi 3 Color (Dark)" : {
    "Red Component" : 0.91474515199661255,
    "Color Space" : "P3",
    "Blue Component" : 0.50079113245010376,
    "Alpha Component" : 1,
    "Green Component" : 0.78269189596176147
  },
  "Visual Bell" : true,
  "Cursor Text Color" : {
    "Red Component" : 0.11372549,
    "Color Space" : "sRGB",
    "Blue Component" : 0.12941177000000001,
    "Green Component" : 0.12156863
  },
  "Scrollback Lines" : 0,
  "Selection Color (Light)" : {
    "Red Component" : 0.21856456995010376,
    "Color Space" : "P3",
    "Blue Component" : 0.25266602635383606,
    "Alpha Component" : 1,
    "Green Component" : 0.23087021708488464
  },
  "Ansi 0 Color" : {
    "Red Component" : 0.11372549,
    "Color Space" : "sRGB",
    "Blue Component" : 0.12941177000000001,
    "Green Component" : 0.12156863
  },
  "Match Background Color (Dark)" : {
    "Red Component" : 1,
    "Color Space" : "P3",
    "Blue Component" : 0,
    "Alpha Component" : 1,
    "Green Component" : 1
  },
  "Ansi 11 Color (Light)" : {
    "Red Component" : 0.21856456995010376,
    "Color Space" : "P3",
    "Blue Component" : 0.25266602635383606,
    "Alpha Component" : 1,
    "Green Component" : 0.23087021708488464
  },
  "Ansi 5 Color (Dark)" : {
    "Red Component" : 0.67905253171920776,
    "Color Space" : "P3",
    "Blue Component" : 0.7230498194694519,
    "Alpha Component" : 1,
    "Green Component" : 0.58479446172714233
  },
  "Cursor Text Color (Light)" : {
    "Red Component" : 0.11515545099973679,
    "Color Space" : "P3",
    "Blue Component" : 0.1286064088344574,
    "Alpha Component" : 1,
    "Green Component" : 0.12131572514772415
  },
  "Silence Bell" : true,
  "Rows" : 25,
  "Draw Powerline Glyphs" : true,
  "Guid" : "E1CD8499-36E2-496F-87DD-1683EA09C9D4",
  "Ansi 14 Color (Dark)" : {
    "Red Component" : 0.6061708927154541,
    "Color Space" : "P3",
    "Blue Component" : 0.36455732583999634,
    "Alpha Component" : 1,
    "Green Component" : 0.41822391748428345
  },
  "Special Font Config" : "{\"entries\":[],\"version\":1}",
  "Ansi 15 Color (Dark)" : {
    "Red Component" : 0.99999994039535522,
    "Color Space" : "P3",
    "Blue Component" : 1,
    "Alpha Component" : 1,
    "Green Component" : 1
  },
  "Ansi 0 Color (Dark)" : {
    "Red Component" : 0.11515545099973679,
    "Color Space" : "P3",
    "Blue Component" : 0.1286064088344574,
    "Alpha Component" : 1,
    "Green Component" : 0.12131572514772415
  },
  "Ambiguous Double Width" : false,
  "Option Key Sends" : 0,
  "Ansi 3 Color" : {
    "Red Component" : 0.94117649999999997,
    "Color Space" : "sRGB",
    "Blue Component" : 0.45490195999999999,
    "Green Component" : 0.77647060000000001
  },
  "Window Type" : 0,
  "BM Growl" : true,
  "Prompt Before Closing 2" : false,
  "Command" : "\/opt\/homebrew\/bin\/bash",
  "Selected Text Color" : {
    "Red Component" : 0.77254902999999997,
    "Color Space" : "sRGB",
    "Blue Component" : 0.77647060000000001,
    "Green Component" : 0.78431373999999998
  },
  "Ansi 14 Color (Light)" : {
    "Red Component" : 0.6061708927154541,
    "Color Space" : "P3",
    "Blue Component" : 0.36455732583999634,
    "Alpha Component" : 1,
    "Green Component" : 0.41822391748428345
  },
  "Cursor Guide Color (Dark)" : {
    "Red Component" : 0.74862593412399292,
    "Color Space" : "P3",
    "Blue Component" : 0.99125725030899048,
    "Alpha Component" : 0.25,
    "Green Component" : 0.92047786712646484
  },
  "ASCII Ligatures" : true,
  "Send Code When Idle" : false,
  "Ansi 6 Color" : {
    "Red Component" : 0.54117649999999995,
    "Color Space" : "sRGB",
    "Blue Component" : 0.71764709999999998,
    "Green Component" : 0.74509804999999996
  },
  "Jobs to Ignore" : [
    "rlogin",
    "ssh",
    "slogin",
    "telnet"
  ],
  "Badge Color (Dark)" : {
    "Red Component" : 0.92929404973983765,
    "Color Space" : "P3",
    "Blue Component" : 0.13960540294647217,
    "Alpha Component" : 0.5,
    "Green Component" : 0.25479039549827576
  },
  "Cursor Color" : {
    "Red Component" : 0.77254902999999997,
    "Color Space" : "sRGB",
    "Blue Component" : 0.77647060000000001,
    "Green Component" : 0.78431373999999998
  },
  "Vertical Spacing" : 1.2,
  "Bound Hosts" : [

  ],
  "Disable Window Resizing" : true,
  "Close Sessions On End" : true,
  "Selection Color (Dark)" : {
    "Red Component" : 0.21856456995010376,
    "Color Space" : "P3",
    "Blue Component" : 0.25266602635383606,
    "Alpha Component" : 1,
    "Green Component" : 0.23087021708488464
  },
  "Default Bookmark" : "No",
  "Foreground Color (Light)" : {
    "Red Component" : 0.7746550440788269,
    "Color Space" : "P3",
    "Blue Component" : 0.77697509527206421,
    "Alpha Component" : 1,
    "Green Component" : 0.78392678499221802
  },
  "Custom Command" : "Custom Shell",
  "Background Color (Dark)" : {
    "Red Component" : 0.11515545099973679,
    "Color Space" : "P3",
    "Blue Component" : 0.1286064088344574,
    "Alpha Component" : 1,
    "Green Component" : 0.12131572514772415
  },
  "Ansi 9 Color" : {
    "Red Component" : 0.87058824000000001,
    "Color Space" : "sRGB",
    "Blue Component" : 0.37254903,
    "Green Component" : 0.57647060000000006
  },
  "Ansi 14 Color" : {
    "Red Component" : 0.63921570000000005,
    "Color Space" : "sRGB",