{
  "Ansi 7 Color (Light)" : {
    "Green Component" : 0.72398024797439575,
    "Blue Component" : 0.71428978443145752,
    "Red Component" : 0.7101062536239624
  },
  "Ansi 15 Color (Light)" : {
    "Green Component" : 0.38266518712043762,
    "Blue Component" : 0.41454979777336121,
    "Red Component" : 0.35304740071296692
  },
  "Ansi 2 Color (Light)" : {
    "Green Component" : 0.74809849260000005,
    "Blue Component" : 0.35396462680000002,
    "Red Component" : 0.70226675270000005
  },
  "Bold Color" : {
    "Green Component" : 0.7843137255,
    "Blue Component" : 0.77647058820000003,
    "Red Component" : 0.7725490196
  },
  "Ansi 1 Color (Dark)" : {
    "Green Component" : 0.30211547020000001,
    "Blue Component" : 0.31569483879999999,
    "Red Component" : 0.72003227469999997
  },
  "Use Bright Bold" : false,
  "Ansi 9 Color (Light)" : {
    "Green Component" : 0.17900724709033966,
    "Blue Component" : 0.19629062712192535,
    "Red Component" : 0.5527348518371582
  },
  "Ansi 8 Color (Dark)" : {
    "Green Component" : 0.12020024657249451,
    "Blue Component" : 0.13228283822536469,
    "Red Component" : 0.11482735723257065
  },
  "Background Color" : {
    "Red Component" : 0.11372549019607843,
    "Color Space" : "P3",
    "Blue Component" : 0.12941176470588237,
    "Alpha Component" : 1,
    "Green Component" : 0.12156862745098039
  },
  "Columns" : 80,
  "Ansi 8 Color" : {
    "Red Component" : 0.21568627450980393,
    "Color Space" : "P3",
    "Blue Component" : 0.25490196078431371,
    "Alpha Component" : 1,
    "Green Component" : 0.23137254901960785
  },
  "Right Option Key Sends" : 0,
  "Ansi 4 Color (Light)" : {
    "Green Component" : 0.56596899032592773,
    "Blue Component" : 0.69103837013244629,
    "Red Component" : 0.43031883239746094
  },
  "Blinking Cursor" : true,
  "Use Tab Color" : false,
  "Selected Text Color (Light)" : {
    "Green Component" : 0.73781722784042358,
    "Blue Component" : 0.72798359394073486,
    "Red Component" : 0.71933764219284058
  },
  "Selected Text Color (Dark)" : {
    "Green Component" : 0.73781722784042358,
    "Blue Component" : 0.72798359394073486,
    "Red Component" : 0.71933764219284058
  },
  "Cursor Type" : 1,
  "Keyboard Map" : {

  },
  "Ansi 3 Color (Dark)" : {
    "Green Component" : 0.71015834808349609,
    "Blue Component" : 0.36974489688873291,
    "Red Component" : 0.89336264133453369
  },
  "Visual Bell" : true,
  "Cursor Text Color" : {
    "Red Component" : 0.11372549019607843,
    "Color Space" : "P3",
    "Blue Component" : 0.12941176470588237,
    "Alpha Component" : 1,
    "Green Component" : 0.12156862745098039
  },
  "Scrollback Lines" : 0,
  "Selection Color (Light)" : {
    "Green Component" : 0.12312769144773483,
    "Blue Component" : 0.13528014719486237,
    "Red Component" : 0.11772145330905914
  },
  "Ansi 0 Color" : {
    "Red Component" : 0.15686274509803921,
    "Color Space" : "P3",
    "Blue Component" : 0.1803921568627451,
    "Alpha Component" : 1,
    "Green Component" : 0.16470588235294117
  },
  "Match Background Color (Dark)" : {
    "Red Component" : 1,
    "Color Space" : "P3",
    "Blue Component" : 0,
    "Alpha Component" : 1,
    "Green Component" : 1
  },
  "Ansi 11 Color (Light)" : {
    "Green Component" : 0.53968650100000004,
    "Blue Component" : 0.31311613319999998,
    "Red Component" : 0.8995583653
  },
  "Ansi 5 Color (Dark)" : {
    "Green Component" : 0.49495330452919006,
    "Blue Component" : 0.67327117919921875,
    "Red Component" : 0.63015031814575195
  },
  "Cursor Text Color (Light)" : {
    "Green Component" : 0.12312769144773483,
    "Blue Component" : 0.13528014719486237,
    "Red Component" : 0.11772145330905914
  },
  "Silence Bell" : true,
  "Rows" : 24,
  "Draw Powerline Glyphs" : true,
  "Guid" : "E1CD8499-36E2-496F-87DD-1683EA09C9D4",
  "Ansi 14 Color (Dark)" : {
    "Green Component" : 0.48341637849807739,
    "Blue Component" : 0.45474731922149658,
    "Red Component" : 0.30198413133621216
  },
  "Special Font Config" : "{\"entries\":[],\"version\":1}",
  "Ansi 15 Color (Dark)" : {
    "Green Component" : 0.38266518712043762,
    "Blue Component" : 0.41454979777336121,
    "Red Component" : 0.35304740071296692
  },
  "Ansi 0 Color (Dark)" : {
    "Green Component" : 0.1818026602268219,
    "Blue Component" : 0.20179691910743713,
    "Red Component" : 0.1665644645690918
  },
  "Ambiguous Double Width" : false,
  "Option Key Sends" : 0,
  "Ansi 3 Color" : {
    "Red Component" : 0.94117647058823528,
    "Color Space" : "P3",
    "Blue Component" : 0.45490196078431372,
    "Alpha Component" : 1,
    "Green Component" : 0.77647058823529413
  },
  "Window Type" : 0,
  "BM Growl" : true,
  "Prompt Before Closing 2" : false,
  "Command" : "\/opt\/homebrew\/bin\/bash",
  "Selected Text Color" : {
    "Red Component" : 0.77254901960784317,
    "Color Space" : "P3",
    "Blue Component" : 0.77647058823529413,
    "Alpha Component" : 1,
    "Green Component" : 0.78431372549019607
  },
  "Ansi 14 Color (Light)" : {
    "Green Component" : 0.48341637849807739,
    "Blue Component" : 0.45474731922149658,
    "Red Component" : 0.30198413133621216
  },
  "Cursor Guide Color (Dark)" : {
    "Red Component" : 0.74862593412399292,
    "Color Space" : "P3",
    "Blue Component" : 0.99125725030899048,
    "Alpha Component" : 0.25,
    "Green Component" : 0.92047786712646484
  },
  "ASCII Ligatures" : true,
  "Send Code When Idle" : false,
  "Ansi 6 Color" : {
    "Red Component" : 0.54117647058823526,
    "Color Space" : "P3",
    "Blue Component" : 0.71764705882352942,
    "Alpha Component" : 1,
    "Green Component" : 0.74509803921568629
  },
  "Jobs to Ignore" : [
    "rlogin",
    "ssh",
    "slogin",
    "telnet"
  ],
  "Badge Color (Dark)" : {
    "Red Component" : 0.92929404973983765,
    "Color Space" : "P3",
    "Blue Component" : 0.13960540294647217,
    "Alpha Component" : 0.5,
    "Green Component" : 0.25479039549827576
  },
  "Cursor Color" : {
    "Red Component" : 0.87058823529411766,
    "Color Space" : "P3",
    "Blue Component" : 0.37254901960784315,
    "Alpha Component" : 1,
    "Green Component" : 0.57647058823529407
  },
  "Vertical Spacing" : 1.2,
  "Bound Hosts" : [

  ],
  "Disable Window Resizing" : true,
  "Close Sessions On End" : true,
  "Selection Color (Dark)" : {
    "Green Component" : 0.12312769144773483,
    "Blue Component" : 0.13528014719486237,
    "Red Component" : 0.11772145330905914
  },
  "Default Bookmark" : "No",
  "Foreground Color (Light)" : {
    "Green Component" : 0.73781722784042358,
    "Blue Component" : 0.72798359394073486,
    "Red Component" : 0.71933764219284058
  },
  "Custom Command" : "Custom Shell",
  "Background Color (Dark)" : {
    "Green Component" : 0.092142701148986816,
    "Blue Component" : 0.097707755863666534,
    "Red Component" : 0.086937598884105682
  },
  "Ansi 9 Color" : {
    "Red Component" : 0.80000000000000004,
    "Color Space" : "P3",
    "Blue Component" : 0.40000000000000002,
    "Alpha Component" : 1,
    "Green Component" : 0.40000000000000002
  },
  "Ansi 14 Color" : {
    "Red Component" : 0.54117647058823526,
    "Color Space" : "P3",
    "Blue Component" : 0.71764705882352942,
    "Alpha Component" : 1,
    "Green Component" : 0.74509803921568629
  },
  "Flashing Bell" : false,
  "Show Status Bar" : false,
  "Use Italic Font" : true,
  "Ansi 13 Color (Dark)" : {
    "Green Component" : 0.31322062015533447,
    "Blue Component" : 0.47512847185134888,
    "Red Component" : 0.43185719847679138
  },
  "Cursor Guide Color (Light)" : {
    "Red Component" : 0.74862593412399292,
    "Color Space" : "P3",
    "Blue Component" : 0.99125725030899048,
    "Alpha Component" : 0.25,
    "Green Component" : 0.92047786712646484
  },
  "Ansi 12 Color" : {
    "Red Component" : 0.50588235294117645,
    "Color Space" : "P3",
    "Blue Component" : 0.74509803921568629,
    "Alpha Component" : 1,
    "Green Component" : 0.63529411764705879
  },